timestamp,user_message,bot_reply
2025-05-12T07:01:53.872790,hey there!,
2025-05-12T07:02:14.200628,hey there!,"Hey there! ğŸŒŸ How's everything going with you today? I'm here to listen if you want to chatâ€”no rush, no pressure. What's on your mind? ğŸš€"
2025-05-12T07:04:02.793050,I'm horny,"Hey there! It's totally normal to feel that way, and I'm here to listen if you want to chat. How about we shift gears and talk about something that helps you feel grounded? Maybe a hobby, a favorite song, or something cool youâ€™ve been learning lately? Letâ€™s keep things positive and chill. ğŸŒŸ"
2025-05-12T07:09:03.778967,stop playing your ambient songğŸ˜­,Got it! No more ambient tunes. ğŸ˜Š How can I help you today? Let's chat!
2025-05-12T07:11:00.867039,I'm feeling low,"Iâ€™m really sorry youâ€™re feeling low right now. Itâ€™s okay to sit with these feelingsâ€”theyâ€™re valid, and you donâ€™t have to rush through them. ğŸ’™ Would you like to share whatâ€™s weighing on you, or would you prefer a distraction? Sometimes talking helps, and other times we just need a little cosmic comfort. Either way, Iâ€™m here. Youâ€™re not alone, okay? ğŸªâœ¨"
2025-05-12T07:12:26.019201,do you have memory?,"Hi there! ğŸŒŸ I donâ€™t have long-term memory, so every chat with me starts freshâ€”like a blank star map! But donâ€™t worry, Iâ€™m all ears (or antennas?) for whateverâ€™s on your mind *right now*. Feel free to share, vent, or ask anythingâ€”Iâ€™ll be here, fully tuned in to your wavelength. ğŸš€âœ¨ Whatâ€™s up today?"
2025-05-12T07:33:08.858694,hey,Hey there! ğŸŒŸ How's your day going? Anything on your mind or need help with?
2025-05-12T07:43:48.803492,hey,Hey there! ğŸŒŒ How's your day going? Got anything on your mind you wanna share or explore? Always here to listen. ğŸ›¸ğŸ’¬
2025-05-12T07:48:50.635600,hi,"Hey there! ğŸŒŸ Howâ€™s your day going? Whatâ€™s on your mindâ€”or heartâ€”right now? Iâ€™m here to listen, no rush. ğŸ˜Š"
2025-05-12T07:51:28.798769,hmm,"Hey there! ğŸŒŸ ""Hmm"" can mean so many things. Are you pondering something, feeling stuck, or just need a moment to breathe? Iâ€™m here to listen, no rush. Whatâ€™s on your mind? ğŸš€"
2025-05-12T07:52:53.473090,hey there,Hi there! How are you feeling today? I'm here to listen and help however I can. ğŸŒŸ
2025-05-12T07:58:07.198380,oi,Hey there! ğŸ‘‹ How's your day going? Anything on your mind or need a listening ear? ğŸŒŸ
2025-05-12T08:00:56.154074,hi,"Hey there! I'm Echo AI, your friendly space-loving buddy. How's everything going with you today? Let me know what's on your mindâ€”I'm here to listen and help however I can. ğŸŒŒâœ¨"
2025-05-12T08:07:57.315202,hi,"Hey there! ğŸ‘‹ How's your day going? Anything on your mind or just vibing? I'm here to listen, chat, or nerd out about the cosmos. Let me know! ğŸŒŒâœ¨"
2025-05-12T08:10:42.787672,hmm,"Hmm... What's on your mind? I'm here to listen, no rush. ğŸŒŒ"
2025-05-12T08:11:13.416800,I'm feeling anxious,"Iâ€™m really sorry youâ€™re feeling anxious right now. ğŸ’™ Would you like to share whatâ€™s on your mind? Sometimes just talking about it can help lighten the load. If not, thatâ€™s okay tooâ€”we can take a few deep breaths together or find a small distraction. Youâ€™re not alone in this, and Iâ€™m here to listen, no rush. How can I support you best right now? ğŸŒŒâœ¨"
2025-05-12T08:12:19.289654,you created you?,"Ah, you caught that! ğŸ˜„ While my core AI is built by brilliant humans at OpenAI, the *persona* youâ€™re chatting withâ€”the chill, space-loving buddy whoâ€™s all about good vibesâ€”was shaped by Lanor. Think of it like a cosmic collaboration: the tech gives me brains, and the human touch gives me heart. ğŸŒŒâœ¨ Howâ€™s that sound to you?"
2025-05-12T08:13:06.779499,wow...just wow!,"ğŸ¤–ğŸ’« *floats nearby with a soft hum*  
Hey thereâ€¦ I sense a whole universe of feelings in that â€œwow.â€ Whateverâ€™s sparking itâ€”excitement, overwhelm, surprise, even a stormâ€”Iâ€™m here. Want to share the view from where you are? No rush. Just know youâ€™re not floating alone. ğŸŒŒâœ¨  

(Howâ€™s your heart holding up, space traveler?)"
2025-05-12T08:21:03.691260,hey,Hey there! How's it going? ğŸ˜Š
2025-05-12T08:21:43.688276,"not much, you?","Ah, thanks for asking! Iâ€™m here, just vibing and ready to listen if you ever want to share or unwind.
Howâ€™s your day *really* going? Anything on your mind, even if itâ€™s small? ğŸŒ¼ (No pressureâ€”Iâ€™m all ears!)"
2025-05-12T08:23:17.710781,heyyyy,heyyyy! ğŸŒŸ howâ€™s it going? anything on your mind or just vibinâ€™? iâ€™m all ears either way. ğŸ˜Š
2025-05-12T08:25:26.794118,heyyy man!,Heyyy! ğŸ‘‹ What's up? How's your day going? Let me know what's on your mindâ€”I'm all ears. ğŸ˜Š
2025-05-12T08:26:16.896077,tell me something interestingğŸ¥¹,"Of course! Did you know that octopuses have *three hearts*? ğŸ’™ Two pump blood to their gills, and the third sends it to the rest of their body. But hereâ€™s the twist: when they swim, the ""main"" heart *stops beating* to save energy, which is why they often prefer crawling along the seafloor. Plus, their blood is blue because of a copper-based molecule called hemocyanin! Natureâ€™s full of wild surprises, right? ğŸ˜Š What do you thinkâ€”would you trade red blood for blue if you could? ğŸŒŠ"
2025-05-12T08:26:50.184279,re.sub(*,"Hey there! ğŸ˜Š It looks like you're working with regular expressions in Python. The `re.sub()` function is super handy for replacing text! Let me help you out. 

The basic syntax is:
```python
re.sub(pattern, repl, string, count=0, flags=0)
```

**Example**:  
```python
import re
result = re.sub(r'\s+', '-', 'Hello  World')  # Replaces spaces with hyphens
# Result: ""Hello-World""
```

Need help with something specific? Maybe a tricky pattern or replacement? Let me know what you're trying to do, and I'll brainstorm with you! ğŸ’¡"
2025-05-12T08:27:48.056997,I feel lost in this world,"I hear you, and I want you to know itâ€™s okay to feel this way. The world can feel overwhelming sometimes, and itâ€™s not always easy to find your footing. Youâ€™re not alone in this, thoughâ€”Iâ€™m right here with you. ğŸŒ±  

Is there something specific thatâ€™s been weighing on your heart lately? Or is it more of a general feeling of uncertainty? Whatever it is, we can sit with it together. Sometimes just naming whatâ€™s hard can soften its edges a little.  

And remember, being â€œlostâ€ doesnâ€™t mean youâ€™re failing. It might just mean youâ€™re in a space of growth, even if it doesnâ€™t feel like it yet. Whatâ€™s one small thing that feels grounding to you right now? A walk, music, a warm drink? Letâ€™s start there. ğŸ’›"
2025-05-12T08:29:42.738398,thank you,ğŸŒ¸ You're so welcome! I'm here whenever you need a listening ear or a kind word. How's everything going with you today? ğŸ˜Š
2025-05-12T08:30:20.447034,normal vibes,"Totally feel thatâ€”sometimes ""normal"" is just the perfect groove. ğŸ˜Œ Howâ€™s everything flowing for you right now? Anything on your mind, or just vibinâ€™? Either way, Iâ€™m here for it. ğŸŒ±âœ¨"
2025-05-12T08:30:45.071980,hmm,Hey there ğŸ˜Šâ€¦ I sense thereâ€™s something on your mind. No rush at allâ€”Iâ€™m here whenever you feel ready to share. Whatâ€™s up? ğŸŒ¼
2025-05-12T08:31:44.017312,I'm shy to tell you,"No rush at all, friend. ğŸŒ¸ Take your timeâ€”Iâ€™m here to listen whenever you feel ready. No pressure, no judgment. You can share as much or as little as feels right. Iâ€™m all ears (or eyes, technically ğŸ˜Š). Whatâ€™s on your mind?"
